,Date,Model,MAPE,File
197,2023-08-20,Mape_M_1,7.618257808025063,Mape_[6].csv
198,2023-08-22,Mape_M_1,5.204334804211552,Mape_[6].csv
199,2023-08-27,Mape_M_1,7.395072083437625,Mape_[6].csv
200,2023-08-30,Mape_M_1,6.052815513103612,Mape_[6].csv
201,2023-08-31,Mape_M_1,6.061455533408413,Mape_[6].csv
202,2023-09-02,Mape_M_1,8.144239063204713,Mape_[6].csv
203,2023-07-15,Mape_M_1,6.878685489427173,Mape_[6].csv
204,2023-07-17,Mape_M_1,6.667577133165368,Mape_[6].csv
205,2023-07-18,Mape_M_1,6.711778443863457,Mape_[6].csv
206,2023-07-19,Mape_M_1,7.3230854796290865,Mape_[6].csv
207,2023-07-20,Mape_M_1,5.907811140164066,Mape_[6].csv
208,2023-07-22,Mape_M_1,6.552120257618023,Mape_[6].csv
209,2023-07-24,Mape_M_1,10.701764087380615,Mape_[6].csv
210,2023-08-03,Mape_M_1,5.575068230652175,Mape_[6].csv
211,2023-08-05,Mape_M_1,5.624630895836061,Mape_[6].csv
212,2023-07-06,Mape_M_1,5.218164255084065,Mape_[6].csv
213,2023-05-27,Mape_M_1,5.052665105929357,Mape_[6].csv
214,2023-05-01,Mape_M_1,7.646536170201947,Mape_[6].csv
215,2022-11-21,Mape_M_1,6.444448196273202,Mape_[6].csv
216,2022-10-15,Mape_M_1,5.476317476887433,Mape_[6].csv
217,2022-10-23,Mape_M_1,5.598411687578222,Mape_[6].csv
218,2022-09-24,Mape_M_1,5.049260353344833,Mape_[6].csv
219,2022-09-28,Mape_M_1,5.046494940037957,Mape_[6].csv
220,2023-08-20,Mape_M_2,6.888657188459148,Mape_[6].csv
221,2023-08-21,Mape_M_2,5.607528962208171,Mape_[6].csv
222,2023-08-26,Mape_M_2,6.799032191338399,Mape_[6].csv
223,2023-09-02,Mape_M_2,8.105009602919306,Mape_[6].csv
224,2023-09-03,Mape_M_2,5.340055749043621,Mape_[6].csv
225,2023-07-15,Mape_M_2,5.453518205992599,Mape_[6].csv
226,2023-07-18,Mape_M_2,5.764339252815306,Mape_[6].csv
227,2023-07-19,Mape_M_2,6.043893442974168,Mape_[6].csv
228,2023-07-20,Mape_M_2,6.274271205764287,Mape_[6].csv
229,2023-08-04,Mape_M_2,5.040411541221544,Mape_[6].csv
230,2023-08-05,Mape_M_2,6.617726904016736,Mape_[6].csv
231,2023-06-23,Mape_M_2,5.45612076197472,Mape_[6].csv
232,2023-06-27,Mape_M_2,5.080894859098364,Mape_[6].csv
233,2023-06-30,Mape_M_2,7.019968214254262,Mape_[6].csv
234,2023-07-01,Mape_M_2,6.99164833694285,Mape_[6].csv
235,2023-05-01,Mape_M_2,7.304649679657389,Mape_[6].csv
236,2022-09-22,Mape_M_2,5.921972082022772,Mape_[6].csv
237,2022-09-25,Mape_M_2,5.310833444889268,Mape_[6].csv
238,2022-09-27,Mape_M_2,6.386079659214021,Mape_[6].csv
239,2023-08-17,Mape_M_3,5.47381317120104,Mape_[6].csv
240,2023-09-02,Mape_M_3,5.832683300582762,Mape_[6].csv
241,2023-07-15,Mape_M_3,7.552542052318785,Mape_[6].csv
242,2023-07-22,Mape_M_3,9.652463262067553,Mape_[6].csv
243,2023-07-27,Mape_M_3,5.043799276598739,Mape_[6].csv
244,2023-07-29,Mape_M_3,5.952292232013808,Mape_[6].csv
245,2023-08-05,Mape_M_3,9.81192889130318,Mape_[6].csv
246,2022-09-22,Mape_M_3,5.500175999751573,Mape_[6].csv
247,2023-08-17,Mape_M_4,6.324713510701287,Mape_[6].csv
248,2023-08-26,Mape_M_4,6.438285489539002,Mape_[6].csv
249,2023-08-27,Mape_M_4,5.000665603128467,Mape_[6].csv
250,2023-08-28,Mape_M_4,5.055022210101924,Mape_[6].csv
251,2023-09-02,Mape_M_4,5.379157893949305,Mape_[6].csv
252,2023-07-15,Mape_M_4,8.37654898654433,Mape_[6].csv
253,2023-07-20,Mape_M_4,5.85007663110664,Mape_[6].csv
254,2023-07-22,Mape_M_4,6.953202539244753,Mape_[6].csv
255,2023-07-27,Mape_M_4,5.091119313193234,Mape_[6].csv
256,2023-07-29,Mape_M_4,5.12403591588973,Mape_[6].csv
257,2023-08-04,Mape_M_4,6.105169109739458,Mape_[6].csv
258,2023-08-05,Mape_M_4,8.978248276177462,Mape_[6].csv
259,2023-06-23,Mape_M_4,6.085491789540211,Mape_[6].csv
260,2023-06-24,Mape_M_4,7.103603808828744,Mape_[6].csv
261,2023-06-28,Mape_M_4,5.542350562175112,Mape_[6].csv
262,2023-06-29,Mape_M_4,6.743908171786122,Mape_[6].csv
263,2022-09-22,Mape_M_4,5.227680004377305,Mape_[6].csv
264,2022-09-27,Mape_M_4,5.939950329452187,Mape_[6].csv
462,2023-08-20,Mape_M_1,7.391131798091279,Mape_[12].csv
463,2023-09-02,Mape_M_1,7.562826335002058,Mape_[12].csv
464,2023-07-24,Mape_M_1,8.125854366650174,Mape_[12].csv
465,2023-05-01,Mape_M_1,7.253083590000582,Mape_[12].csv
466,2022-11-21,Mape_M_1,5.946590296761983,Mape_[12].csv
467,2022-10-23,Mape_M_1,5.754828592796105,Mape_[12].csv
468,2022-09-24,Mape_M_1,5.406697040424044,Mape_[12].csv
469,2023-08-20,Mape_M_2,5.64250494947477,Mape_[12].csv
470,2023-08-21,Mape_M_2,5.719898792494068,Mape_[12].csv
471,2023-08-26,Mape_M_2,5.218526340324316,Mape_[12].csv
472,2023-09-02,Mape_M_2,6.99899199299742,Mape_[12].csv
473,2023-08-05,Mape_M_2,5.183452894067637,Mape_[12].csv
474,2023-06-30,Mape_M_2,5.554285283027085,Mape_[12].csv
475,2023-05-01,Mape_M_2,6.813757381738464,Mape_[12].csv
476,2022-09-27,Mape_M_2,5.742889982503735,Mape_[12].csv
477,2023-09-02,Mape_M_3,5.527391320791367,Mape_[12].csv
478,2023-07-15,Mape_M_3,6.8978699373448125,Mape_[12].csv
479,2023-07-22,Mape_M_3,9.786716857186027,Mape_[12].csv
480,2023-08-04,Mape_M_3,5.457294279604738,Mape_[12].csv
481,2023-08-05,Mape_M_3,5.384385319958787,Mape_[12].csv
482,2023-08-17,Mape_M_4,5.447727409482036,Mape_[12].csv
483,2023-08-25,Mape_M_4,5.078966407433324,Mape_[12].csv
484,2023-08-26,Mape_M_4,6.069145097894424,Mape_[12].csv
485,2023-07-15,Mape_M_4,7.25969098623206,Mape_[12].csv
486,2023-07-20,Mape_M_4,5.119060580803519,Mape_[12].csv
487,2023-07-22,Mape_M_4,6.535724078201614,Mape_[12].csv
488,2023-07-29,Mape_M_4,5.273978116897146,Mape_[12].csv
489,2023-08-04,Mape_M_4,6.319078977481195,Mape_[12].csv
490,2023-08-05,Mape_M_4,7.13951249125898,Mape_[12].csv
491,2023-06-23,Mape_M_4,5.680027611496202,Mape_[12].csv
492,2023-06-24,Mape_M_4,5.515499990765329,Mape_[12].csv
493,2023-06-27,Mape_M_4,6.0142819708613535,Mape_[12].csv
494,2023-06-28,Mape_M_4,7.0827483374813776,Mape_[12].csv
495,2023-06-29,Mape_M_4,6.978049823551334,Mape_[12].csv
496,2022-09-27,Mape_M_4,5.962147352169031,Mape_[12].csv
694,2023-08-20,Mape_M_1,7.657558438597197,Mape_[7].csv
695,2023-08-22,Mape_M_1,5.053925756944672,Mape_[7].csv
696,2023-08-26,Mape_M_1,5.147486637412832,Mape_[7].csv
697,2023-08-27,Mape_M_1,6.892243840480834,Mape_[7].csv
698,2023-08-30,Mape_M_1,5.497153503693529,Mape_[7].csv
699,2023-08-31,Mape_M_1,5.453587870427832,Mape_[7].csv
700,2023-09-02,Mape_M_1,8.11626805081613,Mape_[7].csv
701,2023-07-15,Mape_M_1,6.7603637524299085,Mape_[7].csv
702,2023-07-17,Mape_M_1,6.562310054896041,Mape_[7].csv
703,2023-07-18,Mape_M_1,6.766703044480289,Mape_[7].csv
704,2023-07-19,Mape_M_1,7.345947909396301,Mape_[7].csv
705,2023-07-20,Mape_M_1,6.123928169601647,Mape_[7].csv
706,2023-07-22,Mape_M_1,6.808052768285462,Mape_[7].csv
707,2023-07-24,Mape_M_1,10.385158127124276,Mape_[7].csv
708,2023-08-03,Mape_M_1,5.10657662305288,Mape_[7].csv
709,2023-08-05,Mape_M_1,5.462241942644671,Mape_[7].csv
710,2023-07-06,Mape_M_1,5.325695684484311,Mape_[7].csv
711,2023-05-01,Mape_M_1,7.8022792181431155,Mape_[7].csv
712,2022-11-21,Mape_M_1,6.53840404895413,Mape_[7].csv
713,2022-10-15,Mape_M_1,5.430538298945323,Mape_[7].csv
714,2022-10-23,Mape_M_1,6.07691410066989,Mape_[7].csv
715,2022-09-24,Mape_M_1,5.302272469747077,Mape_[7].csv
716,2022-09-28,Mape_M_1,5.121223743497291,Mape_[7].csv
717,2023-08-20,Mape_M_2,6.812661402006843,Mape_[7].csv
718,2023-08-21,Mape_M_2,5.576141087814893,Mape_[7].csv
719,2023-08-26,Mape_M_2,6.571920677714445,Mape_[7].csv
720,2023-09-02,Mape_M_2,7.891394349002989,Mape_[7].csv
721,2023-07-15,Mape_M_2,5.252074237419594,Mape_[7].csv
722,2023-07-18,Mape_M_2,5.579597716529732,Mape_[7].csv
723,2023-07-19,Mape_M_2,5.900501948218459,Mape_[7].csv
724,2023-07-20,Mape_M_2,6.178586671474457,Mape_[7].csv
725,2023-08-04,Mape_M_2,5.017345457573119,Mape_[7].csv
726,2023-08-05,Mape_M_2,6.372686624938778,Mape_[7].csv
727,2023-06-23,Mape_M_2,5.285292219870943,Mape_[7].csv
728,2023-06-27,Mape_M_2,5.279869629892303,Mape_[7].csv
729,2023-06-30,Mape_M_2,7.087243869291783,Mape_[7].csv
730,2023-07-01,Mape_M_2,7.14013968687749,Mape_[7].csv
731,2023-05-01,Mape_M_2,7.324946861908284,Mape_[7].csv
732,2022-11-21,Mape_M_2,5.053748593138896,Mape_[7].csv
733,2022-09-22,Mape_M_2,5.728936631034697,Mape_[7].csv
734,2022-09-25,Mape_M_2,5.134378805769713,Mape_[7].csv
735,2022-09-27,Mape_M_2,6.408136269633167,Mape_[7].csv
736,2023-08-17,Mape_M_3,5.116087245170969,Mape_[7].csv
737,2023-09-02,Mape_M_3,5.831496966224694,Mape_[7].csv
738,2023-07-15,Mape_M_3,7.620378402801149,Mape_[7].csv
739,2023-07-22,Mape_M_3,10.15659883126521,Mape_[7].csv
740,2023-07-29,Mape_M_3,5.533231811652025,Mape_[7].csv
741,2023-08-05,Mape_M_3,9.363024151219108,Mape_[7].csv
742,2022-09-22,Mape_M_3,5.402728798491402,Mape_[7].csv
743,2023-08-17,Mape_M_4,6.43853354196664,Mape_[7].csv
744,2023-08-26,Mape_M_4,6.3290527726708135,Mape_[7].csv
745,2023-09-02,Mape_M_4,5.4134098719958,Mape_[7].csv
746,2023-07-15,Mape_M_4,8.181701160666979,Mape_[7].csv
747,2023-07-20,Mape_M_4,5.638957174784074,Mape_[7].csv
748,2023-07-22,Mape_M_4,6.870174699738431,Mape_[7].csv
749,2023-07-29,Mape_M_4,5.073233027666286,Mape_[7].csv
750,2023-08-04,Mape_M_4,5.957659490349909,Mape_[7].csv
751,2023-08-05,Mape_M_4,8.711254294081872,Mape_[7].csv
752,2023-06-23,Mape_M_4,6.330145168283123,Mape_[7].csv
753,2023-06-24,Mape_M_4,7.20049470147055,Mape_[7].csv
754,2023-06-27,Mape_M_4,5.417908761868729,Mape_[7].csv
755,2023-06-28,Mape_M_4,5.938134380570264,Mape_[7].csv
756,2023-06-29,Mape_M_4,7.120498232374432,Mape_[7].csv
757,2023-06-30,Mape_M_4,5.249648052280889,Mape_[7].csv
758,2022-09-22,Mape_M_4,5.003903384380357,Mape_[7].csv
759,2022-09-27,Mape_M_4,6.088024729927718,Mape_[7].csv
969,2023-08-20,Mape_M_1,8.026766248408224,Mape_[0].csv
970,2023-08-22,Mape_M_1,5.1966375973160766,Mape_[0].csv
971,2023-08-25,Mape_M_1,5.604330035947696,Mape_[0].csv
972,2023-08-27,Mape_M_1,8.43677820404537,Mape_[0].csv
973,2023-08-30,Mape_M_1,6.995152478291152,Mape_[0].csv
974,2023-08-31,Mape_M_1,6.043415059614024,Mape_[0].csv
975,2023-09-02,Mape_M_1,9.89176592263816,Mape_[0].csv
976,2023-09-03,Mape_M_1,6.159181142377388,Mape_[0].csv
977,2023-07-15,Mape_M_1,7.230515270363584,Mape_[0].csv
978,2023-07-17,Mape_M_1,6.784358078449398,Mape_[0].csv
979,2023-07-18,Mape_M_1,7.637158277264812,Mape_[0].csv
980,2023-07-19,Mape_M_1,8.478793496111168,Mape_[0].csv
981,2023-07-20,Mape_M_1,6.705118875910286,Mape_[0].csv
982,2023-07-22,Mape_M_1,6.91243393612692,Mape_[0].csv
983,2023-07-24,Mape_M_1,12.619835694732345,Mape_[0].csv
984,2023-07-25,Mape_M_1,7.622802660778278,Mape_[0].csv
985,2023-08-03,Mape_M_1,6.004810068453811,Mape_[0].csv
986,2023-08-05,Mape_M_1,7.012176012224598,Mape_[0].csv
987,2023-07-06,Mape_M_1,5.590426549291375,Mape_[0].csv
988,2023-07-07,Mape_M_1,6.377277091469296,Mape_[0].csv
989,2023-05-16,Mape_M_1,6.67744338422832,Mape_[0].csv
990,2023-05-01,Mape_M_1,9.145850239366922,Mape_[0].csv
991,2022-12-27,Mape_M_1,5.965477088275939,Mape_[0].csv
992,2023-01-01,Mape_M_1,5.231744408094439,Mape_[0].csv
993,2022-11-21,Mape_M_1,6.920583414060011,Mape_[0].csv
994,2022-10-15,Mape_M_1,5.740445857362088,Mape_[0].csv
995,2022-10-23,Mape_M_1,5.961165018013202,Mape_[0].csv
996,2022-09-25,Mape_M_1,5.819277678942775,Mape_[0].csv
997,2023-08-18,Mape_M_2,5.813860903038481,Mape_[0].csv
998,2023-08-19,Mape_M_2,5.871633693704795,Mape_[0].csv
999,2023-08-20,Mape_M_2,7.8106429747845665,Mape_[0].csv
1000,2023-08-21,Mape_M_2,5.350076347696344,Mape_[0].csv
1001,2023-08-26,Mape_M_2,7.301532821460714,Mape_[0].csv
1002,2023-08-27,Mape_M_2,5.24739108103905,Mape_[0].csv
1003,2023-09-02,Mape_M_2,8.753113132928519,Mape_[0].csv
1004,2023-09-03,Mape_M_2,7.284252986908952,Mape_[0].csv
1005,2023-07-15,Mape_M_2,6.432073005433027,Mape_[0].csv
1006,2023-07-18,Mape_M_2,6.488392789021208,Mape_[0].csv
1007,2023-07-19,Mape_M_2,6.572055189533773,Mape_[0].csv
1008,2023-07-20,Mape_M_2,6.553097730731815,Mape_[0].csv
1009,2023-07-22,Mape_M_2,5.622241419370918,Mape_[0].csv
1010,2023-07-25,Mape_M_2,5.551653555576289,Mape_[0].csv
1011,2023-07-27,Mape_M_2,5.814609702265916,Mape_[0].csv
1012,2023-08-04,Mape_M_2,5.416473667428919,Mape_[0].csv
1013,2023-08-05,Mape_M_2,7.526572499624273,Mape_[0].csv
1014,2023-06-23,Mape_M_2,6.880363717985716,Mape_[0].csv
1015,2023-06-24,Mape_M_2,8.519894523335472,Mape_[0].csv
1016,2023-06-30,Mape_M_2,7.236219875878512,Mape_[0].csv
1017,2023-07-01,Mape_M_2,7.510149869025247,Mape_[0].csv
1018,2023-07-07,Mape_M_2,8.650377135031603,Mape_[0].csv
1019,2023-05-01,Mape_M_2,7.867433463064688,Mape_[0].csv
1020,2022-11-21,Mape_M_2,5.6080814808783765,Mape_[0].csv
1021,2022-09-22,Mape_M_2,6.469557783928924,Mape_[0].csv
1022,2022-09-25,Mape_M_2,6.679401781072965,Mape_[0].csv
1023,2022-09-26,Mape_M_2,5.5061552243477845,Mape_[0].csv
1024,2022-09-27,Mape_M_2,6.500212354854239,Mape_[0].csv
1025,2023-08-17,Mape_M_3,5.446760276254981,Mape_[0].csv
1026,2023-09-02,Mape_M_3,5.939659069156686,Mape_[0].csv
1027,2023-07-15,Mape_M_3,8.759936317351125,Mape_[0].csv
1028,2023-07-19,Mape_M_3,5.671067211227901,Mape_[0].csv
1029,2023-07-20,Mape_M_3,6.490354802255262,Mape_[0].csv
1030,2023-07-22,Mape_M_3,9.811374243588244,Mape_[0].csv
1031,2023-07-27,Mape_M_3,5.204999214833075,Mape_[0].csv
1032,2023-07-29,Mape_M_3,6.535737463209918,Mape_[0].csv
1033,2023-08-04,Mape_M_3,5.510689072972656,Mape_[0].csv
1034,2023-08-05,Mape_M_3,11.69856474674183,Mape_[0].csv
1035,2023-07-01,Mape_M_3,5.827618688641487,Mape_[0].csv
1036,2023-04-15,Mape_M_3,5.089552054585797,Mape_[0].csv
1037,2023-01-01,Mape_M_3,5.113641444806422,Mape_[0].csv
1038,2022-09-22,Mape_M_3,6.450376570580138,Mape_[0].csv
1039,2022-09-27,Mape_M_3,5.483003774051315,Mape_[0].csv
1040,2023-08-17,Mape_M_4,8.122289215517712,Mape_[0].csv
1041,2023-08-18,Mape_M_4,5.130290252219849,Mape_[0].csv
1042,2023-08-25,Mape_M_4,5.25241177183911,Mape_[0].csv
1043,2023-08-26,Mape_M_4,7.788332474101386,Mape_[0].csv
1044,2023-08-27,Mape_M_4,6.441939895361394,Mape_[0].csv
1045,2023-08-28,Mape_M_4,5.437612494219614,Mape_[0].csv
1046,2023-09-02,Mape_M_4,6.845285202980304,Mape_[0].csv
1047,2023-09-03,Mape_M_4,5.117614873326623,Mape_[0].csv
1048,2023-07-15,Mape_M_4,8.580326409480008,Mape_[0].csv
1049,2023-07-20,Mape_M_4,6.245309343500774,Mape_[0].csv
1050,2023-07-22,Mape_M_4,6.346754826746159,Mape_[0].csv
1051,2023-07-27,Mape_M_4,5.002904665676911,Mape_[0].csv
1052,2023-08-04,Mape_M_4,6.128088251968957,Mape_[0].csv
1053,2023-08-05,Mape_M_4,8.842940892372326,Mape_[0].csv
1054,2023-08-06,Mape_M_4,5.352354975196677,Mape_[0].csv
1055,2023-06-17,Mape_M_4,5.006759144137387,Mape_[0].csv
1056,2023-06-23,Mape_M_4,7.277767455226945,Mape_[0].csv
1057,2023-06-24,Mape_M_4,5.629712014275807,Mape_[0].csv
1058,2023-06-29,Mape_M_4,5.118542898957284,Mape_[0].csv
1059,2022-09-22,Mape_M_4,6.082382936944066,Mape_[0].csv
1060,2022-09-25,Mape_M_4,6.292475689611636,Mape_[0].csv
1061,2022-09-26,Mape_M_4,5.057013453946648,Mape_[0].csv
1062,2022-09-27,Mape_M_4,6.667858078154061,Mape_[0].csv
1260,2023-08-20,Mape_M_1,8.02627433719549,Mape_[1].csv
1261,2023-08-22,Mape_M_1,5.108837351480391,Mape_[1].csv
1262,2023-08-25,Mape_M_1,5.464618342196309,Mape_[1].csv
1263,2023-08-27,Mape_M_1,8.1094181741499,Mape_[1].csv
1264,2023-08-30,Mape_M_1,6.760969894925991,Mape_[1].csv
1265,2023-08-31,Mape_M_1,5.818059825899051,Mape_[1].csv
1266,2023-09-02,Mape_M_1,9.646877570807444,Mape_[1].csv
1267,2023-09-03,Mape_M_1,5.789088373301809,Mape_[1].csv
1268,2023-07-15,Mape_M_1,7.756838749259469,Mape_[1].csv
1269,2023-07-17,Mape_M_1,6.820757899823497,Mape_[1].csv
1270,2023-07-18,Mape_M_1,7.874241978370581,Mape_[1].csv
1271,2023-07-19,Mape_M_1,8.801816172278192,Mape_[1].csv
1272,2023-07-20,Mape_M_1,6.842321074945586,Mape_[1].csv
1273,2023-07-22,Mape_M_1,7.056464784118059,Mape_[1].csv
1274,2023-07-24,Mape_M_1,12.692389878938274,Mape_[1].csv
1275,2023-07-25,Mape_M_1,7.694081578589672,Mape_[1].csv
1276,2023-08-03,Mape_M_1,6.063792489929223,Mape_[1].csv
1277,2023-08-05,Mape_M_1,7.279033757598512,Mape_[1].csv
1278,2023-06-25,Mape_M_1,5.114139438723309,Mape_[1].csv
1279,2023-07-06,Mape_M_1,5.843256850211847,Mape_[1].csv
1280,2023-05-16,Mape_M_1,6.489724276573586,Mape_[1].csv
1281,2023-05-01,Mape_M_1,9.21300183560468,Mape_[1].csv
1282,2022-12-27,Mape_M_1,5.291497523517293,Mape_[1].csv
1283,2023-01-01,Mape_M_1,5.4134299730752815,Mape_[1].csv
1284,2022-11-21,Mape_M_1,6.5461361885313885,Mape_[1].csv
1285,2022-10-15,Mape_M_1,5.754720137323183,Mape_[1].csv
1286,2022-10-18,Mape_M_1,5.018117976561888,Mape_[1].csv
1287,2022-10-23,Mape_M_1,6.124293236131995,Mape_[1].csv
1288,2022-09-25,Mape_M_1,5.468431797823301,Mape_[1].csv
1289,2023-08-18,Mape_M_2,5.502398069534067,Mape_[1].csv
1290,2023-08-19,Mape_M_2,5.716010525390412,Mape_[1].csv
1291,2023-08-20,Mape_M_2,7.854575522094498,Mape_[1].csv
1292,2023-08-21,Mape_M_2,5.364224084976418,Mape_[1].csv
1293,2023-08-26,Mape_M_2,7.10359270896504,Mape_[1].csv
1294,2023-09-02,Mape_M_2,8.982115465805991,Mape_[1].csv
1295,2023-09-03,Mape_M_2,7.02653282126942,Mape_[1].csv
1296,2023-07-15,Mape_M_2,6.245930416324477,Mape_[1].csv
1297,2023-07-18,Mape_M_2,6.394689617079822,Mape_[1].csv
1298,2023-07-19,Mape_M_2,6.499888636931075,Mape_[1].csv
1299,2023-07-20,Mape_M_2,6.530906089589612,Mape_[1].csv
1300,2023-07-22,Mape_M_2,5.321185865480355,Mape_[1].csv
1301,2023-07-25,Mape_M_2,5.41267196434439,Mape_[1].csv
1302,2023-07-27,Mape_M_2,5.685974629755245,Mape_[1].csv
1303,2023-08-04,Mape_M_2,5.282538749225758,Mape_[1].csv
1304,2023-08-05,Mape_M_2,7.350133111338374,Mape_[1].csv
1305,2023-06-23,Mape_M_2,6.690715085434068,Mape_[1].csv
1306,2023-06-24,Mape_M_2,8.375380781183592,Mape_[1].csv
1307,2023-06-30,Mape_M_2,7.350580613868892,Mape_[1].csv
1308,2023-07-01,Mape_M_2,7.53688281540034,Mape_[1].csv
1309,2023-05-01,Mape_M_2,8.035833596118687,Mape_[1].csv
1310,2022-11-21,Mape_M_2,5.234266164809251,Mape_[1].csv
1311,2022-09-22,Mape_M_2,6.670135829425937,Mape_[1].csv
1312,2022-09-25,Mape_M_2,6.485038798756669,Mape_[1].csv
1313,2022-09-26,Mape_M_2,5.321502785845635,Mape_[1].csv
1314,2022-09-27,Mape_M_2,6.5143333028900505,Mape_[1].csv
1315,2023-08-17,Mape_M_3,5.602988010066145,Mape_[1].csv
1316,2023-09-02,Mape_M_3,6.284066730606906,Mape_[1].csv
1317,2023-07-15,Mape_M_3,8.550927650647923,Mape_[1].csv
1318,2023-07-19,Mape_M_3,5.424050005786732,Mape_[1].csv
1319,2023-07-20,Mape_M_3,5.952344759674641,Mape_[1].csv
1320,2023-07-22,Mape_M_3,9.52566076213836,Mape_[1].csv
1321,2023-07-27,Mape_M_3,5.225256013593689,Mape_[1].csv
1322,2023-07-29,Mape_M_3,6.409398636444323,Mape_[1].csv
1323,2023-08-04,Mape_M_3,5.337505476962909,Mape_[1].csv
1324,2023-08-05,Mape_M_3,11.384045672982792,Mape_[1].csv
1325,2023-06-30,Mape_M_3,5.210044286254256,Mape_[1].csv
1326,2023-07-01,Mape_M_3,5.966351211811109,Mape_[1].csv
1327,2023-01-01,Mape_M_3,5.081184606866276,Mape_[1].csv
1328,2022-09-22,Mape_M_3,6.674580251357957,Mape_[1].csv
1329,2022-09-27,Mape_M_3,5.439913687080385,Mape_[1].csv
1330,2023-08-17,Mape_M_4,7.747219201143681,Mape_[1].csv
1331,2023-08-18,Mape_M_4,5.0373638042604165,Mape_[1].csv
1332,2023-08-25,Mape_M_4,5.039953559350544,Mape_[1].csv
1333,2023-08-26,Mape_M_4,7.417084378325278,Mape_[1].csv
1334,2023-08-27,Mape_M_4,5.996899613092244,Mape_[1].csv
1335,2023-08-28,Mape_M_4,5.1178396389705085,Mape_[1].csv
1336,2023-09-02,Mape_M_4,6.78032590998474,Mape_[1].csv
1337,2023-07-15,Mape_M_4,8.663975664471426,Mape_[1].csv
1338,2023-07-20,Mape_M_4,6.098132250015645,Mape_[1].csv
1339,2023-07-22,Mape_M_4,6.4523486562603525,Mape_[1].csv
1340,2023-07-27,Mape_M_4,5.0950610138767205,Mape_[1].csv
1341,2023-08-04,Mape_M_4,6.133494327401584,Mape_[1].csv
1342,2023-08-05,Mape_M_4,9.013417745304968,Mape_[1].csv
1343,2023-06-17,Mape_M_4,5.095268443433673,Mape_[1].csv
1344,2023-06-23,Mape_M_4,7.009346115040469,Mape_[1].csv
1345,2023-06-24,Mape_M_4,5.666263132797405,Mape_[1].csv
1346,2023-06-29,Mape_M_4,5.433456765930387,Mape_[1].csv
1347,2022-09-22,Mape_M_4,6.31510213787096,Mape_[1].csv
1348,2022-09-25,Mape_M_4,6.101937601300737,Mape_[1].csv
1349,2022-09-27,Mape_M_4,6.580712801738788,Mape_[1].csv
1547,2023-08-20,Mape_M_1,8.14501908254916,Mape_[2].csv
1548,2023-08-25,Mape_M_1,5.497017908747426,Mape_[2].csv
1549,2023-08-27,Mape_M_1,8.076444999859957,Mape_[2].csv
1550,2023-08-30,Mape_M_1,5.829453059972463,Mape_[2].csv
1551,2023-08-31,Mape_M_1,5.095606606568653,Mape_[2].csv
1552,2023-09-02,Mape_M_1,9.408572742700596,Mape_[2].csv
1553,2023-09-03,Mape_M_1,5.752858918282242,Mape_[2].csv
1554,2023-07-15,Mape_M_1,7.987713155261483,Mape_[2].csv
1555,2023-07-17,Mape_M_1,7.118072671766964,Mape_[2].csv
1556,2023-07-18,Mape_M_1,8.586651319072057,Mape_[2].csv
1557,2023-07-19,Mape_M_1,9.26871551003364,Mape_[2].csv
1558,2023-07-20,Mape_M_1,7.144275712241655,Mape_[2].csv
1559,2023-07-22,Mape_M_1,7.390530088778603,Mape_[2].csv
1560,2023-07-24,Mape_M_1,12.997903476580015,Mape_[2].csv
1561,2023-07-25,Mape_M_1,7.7413133110512895,Mape_[2].csv
1562,2023-08-03,Mape_M_1,6.516756298302995,Mape_[2].csv
1563,2023-08-04,Mape_M_1,5.313399428487886,Mape_[2].csv
1564,2023-08-05,Mape_M_1,7.664036378635984,Mape_[2].csv
1565,2023-06-25,Mape_M_1,5.099250494857044,Mape_[2].csv
1566,2023-07-06,Mape_M_1,5.959004106382854,Mape_[2].csv
1567,2023-05-16,Mape_M_1,6.177265879262285,Mape_[2].csv
1568,2023-05-01,Mape_M_1,8.981422602606754,Mape_[2].csv
1569,2023-01-01,Mape_M_1,5.646192319288992,Mape_[2].csv
1570,2022-11-21,Mape_M_1,6.343108171300006,Mape_[2].csv
1571,2022-10-15,Mape_M_1,5.7078033249037565,Mape_[2].csv
1572,2022-10-23,Mape_M_1,6.274462357191547,Mape_[2].csv
1573,2022-09-21,Mape_M_1,5.089168516842871,Mape_[2].csv
1574,2022-09-25,Mape_M_1,5.087400764614191,Mape_[2].csv
1575,2023-08-18,Mape_M_2,5.313949490162847,Mape_[2].csv
1576,2023-08-19,Mape_M_2,5.591704280649507,Mape_[2].csv
1577,2023-08-20,Mape_M_2,7.760504927230199,Mape_[2].csv
1578,2023-08-21,Mape_M_2,5.518472317297179,Mape_[2].csv
1579,2023-08-26,Mape_M_2,7.027340716829351,Mape_[2].csv
1580,2023-09-02,Mape_M_2,9.12171080862587,Mape_[2].csv
1581,2023-09-03,Mape_M_2,6.825542759149476,Mape_[2].csv
1582,2023-07-15,Mape_M_2,6.0692645953223545,Mape_[2].csv
1583,2023-07-18,Mape_M_2,6.29793651429931,Mape_[2].csv
1584,2023-07-19,Mape_M_2,6.42914239226796,Mape_[2].csv
1585,2023-07-20,Mape_M_2,6.504733007884768,Mape_[2].csv
1586,2023-07-22,Mape_M_2,5.012221206580447,Mape_[2].csv
1587,2023-07-25,Mape_M_2,5.268200019549135,Mape_[2].csv
1588,2023-07-27,Mape_M_2,5.558265026642895,Mape_[2].csv
1589,2023-08-04,Mape_M_2,5.111390489044082,Mape_[2].csv
1590,2023-08-05,Mape_M_2,7.212012316411485,Mape_[2].csv
1591,2023-06-23,Mape_M_2,6.490651998425218,Mape_[2].csv
1592,2023-06-24,Mape_M_2,7.87115400727616,Mape_[2].csv
1593,2023-06-30,Mape_M_2,7.5314868994851,Mape_[2].csv
1594,2023-07-01,Mape_M_2,7.609166090021207,Mape_[2].csv
1595,2023-07-06,Mape_M_2,5.618265808332351,Mape_[2].csv
1596,2023-05-01,Mape_M_2,8.059967288973404,Mape_[2].csv
1597,2022-09-22,Mape_M_2,6.581558359030915,Mape_[2].csv
1598,2022-09-25,Mape_M_2,6.267050952073594,Mape_[2].csv
1599,2022-09-26,Mape_M_2,5.149977873661364,Mape_[2].csv
1600,2022-09-27,Mape_M_2,6.48940365439578,Mape_[2].csv
1601,2023-08-17,Mape_M_3,5.888243688411763,Mape_[2].csv
1602,2023-09-02,Mape_M_3,6.510440909752055,Mape_[2].csv
1603,2023-07-15,Mape_M_3,8.315435630338932,Mape_[2].csv
1604,2023-07-19,Mape_M_3,5.335547918947511,Mape_[2].csv
1605,2023-07-20,Mape_M_3,5.582908192319054,Mape_[2].csv
1606,2023-07-22,Mape_M_3,9.476830156825804,Mape_[2].csv
1607,2023-07-27,Mape_M_3,5.344330310449269,Mape_[2].csv
1608,2023-07-29,Mape_M_3,6.328946694118407,Mape_[2].csv
1609,2023-08-04,Mape_M_3,5.260771310888511,Mape_[2].csv
1610,2023-08-05,Mape_M_3,10.86126673015488,Mape_[2].csv
1611,2023-06-30,Mape_M_3,5.698873326454529,Mape_[2].csv
1612,2023-07-01,Mape_M_3,6.14288557838492,Mape_[2].csv
1613,2023-05-14,Mape_M_3,5.106770925190151,Mape_[2].csv
1614,2023-04-15,Mape_M_3,5.025473719045618,Mape_[2].csv
1615,2023-01-01,Mape_M_3,5.094329744223143,Mape_[2].csv
1616,2022-09-22,Mape_M_3,6.418319422119668,Mape_[2].csv
1617,2022-09-27,Mape_M_3,5.413233402519921,Mape_[2].csv
1618,2023-08-17,Mape_M_4,7.343328773299472,Mape_[2].csv
1619,2023-08-26,Mape_M_4,7.199941623176165,Mape_[2].csv
1620,2023-08-27,Mape_M_4,5.685645639890014,Mape_[2].csv
1621,2023-09-02,Mape_M_4,6.559995045446383,Mape_[2].csv
1622,2023-07-15,Mape_M_4,8.657134019347783,Mape_[2].csv
1623,2023-07-20,Mape_M_4,6.020824354810289,Mape_[2].csv
1624,2023-07-22,Mape_M_4,6.58740207180749,Mape_[2].csv
1625,2023-07-27,Mape_M_4,5.133147110860206,Mape_[2].csv
1626,2023-08-04,Mape_M_4,6.19586458155042,Mape_[2].csv
1627,2023-08-05,Mape_M_4,9.145629164262544,Mape_[2].csv
1628,2023-06-17,Mape_M_4,5.43552859044695,Mape_[2].csv
1629,2023-06-23,Mape_M_4,6.706431494350007,Mape_[2].csv
1630,2023-06-24,Mape_M_4,5.665042193656699,Mape_[2].csv
1631,2023-06-29,Mape_M_4,5.784125690271308,Mape_[2].csv
1632,2022-09-22,Mape_M_4,6.095429924252452,Mape_[2].csv
1633,2022-09-25,Mape_M_4,5.906179954345909,Mape_[2].csv
1634,2022-09-27,Mape_M_4,6.454640068933159,Mape_[2].csv
1832,2023-08-20,Mape_M_1,8.245031147760253,Mape_[3].csv
1833,2023-08-25,Mape_M_1,5.404530538570088,Mape_[3].csv
1834,2023-08-27,Mape_M_1,8.33470399162108,Mape_[3].csv
1835,2023-08-30,Mape_M_1,5.980246174632394,Mape_[3].csv
1836,2023-08-31,Mape_M_1,5.217080828135132,Mape_[3].csv
1837,2023-09-02,Mape_M_1,9.103647165747454,Mape_[3].csv
1838,2023-09-03,Mape_M_1,5.848553165699185,Mape_[3].csv
1839,2023-07-15,Mape_M_1,7.907716995682403,Mape_[3].csv
1840,2023-07-17,Mape_M_1,7.1472035818829145,Mape_[3].csv
1841,2023-07-18,Mape_M_1,8.371924463909236,Mape_[3].csv
1842,2023-07-19,Mape_M_1,8.968041225415835,Mape_[3].csv
1843,2023-07-20,Mape_M_1,6.943927023899614,Mape_[3].csv
1844,2023-07-22,Mape_M_1,7.544557482385121,Mape_[3].csv
1845,2023-07-24,Mape_M_1,12.859162999764404,Mape_[3].csv
1846,2023-07-25,Mape_M_1,7.402474692095676,Mape_[3].csv
1847,2023-08-03,Mape_M_1,6.5629727716177495,Mape_[3].csv
1848,2023-08-04,Mape_M_1,5.196050720183916,Mape_[3].csv
1849,2023-08-05,Mape_M_1,7.360522087265921,Mape_[3].csv
1850,2023-06-25,Mape_M_1,5.223372540291965,Mape_[3].csv
1851,2023-07-06,Mape_M_1,5.986472293716759,Mape_[3].csv
1852,2023-05-16,Mape_M_1,5.811285338861467,Mape_[3].csv
1853,2023-05-01,Mape_M_1,8.814366969007011,Mape_[3].csv
1854,2023-01-01,Mape_M_1,5.507390623672933,Mape_[3].csv
1855,2022-11-21,Mape_M_1,6.244665023923827,Mape_[3].csv
1856,2022-10-15,Mape_M_1,5.677388449209189,Mape_[3].csv
1857,2022-10-23,Mape_M_1,6.204576270120868,Mape_[3].csv
1858,2023-08-18,Mape_M_2,5.220129411149346,Mape_[3].csv
1859,2023-08-19,Mape_M_2,5.529559465342147,Mape_[3].csv
1860,2023-08-20,Mape_M_2,7.5518106872496755,Mape_[3].csv
1861,2023-08-21,Mape_M_2,5.607463410714362,Mape_[3].csv
1862,2023-08-26,Mape_M_2,7.016190412894817,Mape_[3].csv
1863,2023-09-02,Mape_M_2,9.07654416994087,Mape_[3].csv
1864,2023-09-03,Mape_M_2,6.638095014892252,Mape_[3].csv
1865,2023-07-15,Mape_M_2,5.914857642418969,Mape_[3].csv
1866,2023-07-18,Mape_M_2,6.197923974106274,Mape_[3].csv
1867,2023-07-19,Mape_M_2,6.361025624900392,Mape_[3].csv
1868,2023-07-20,Mape_M_2,6.46959207922272,Mape_[3].csv
1869,2023-07-25,Mape_M_2,5.11981610155603,Mape_[3].csv
1870,2023-07-27,Mape_M_2,5.441459465928356,Mape_[3].csv
1871,2023-08-05,Mape_M_2,7.097071342708028,Mape_[3].csv
1872,2023-06-23,Mape_M_2,6.225990274929904,Mape_[3].csv
1873,2023-06-24,Mape_M_2,6.343574855477723,Mape_[3].csv
1874,2023-06-30,Mape_M_2,7.600258178772758,Mape_[3].csv
1875,2023-05-01,Mape_M_2,8.006164145277062,Mape_[3].csv
1876,2022-09-22,Mape_M_2,6.378009794192678,Mape_[3].csv
1877,2022-09-25,Mape_M_2,6.05260246383847,Mape_[3].csv
1878,2022-09-27,Mape_M_2,6.442804049156457,Mape_[3].csv
1879,2023-08-17,Mape_M_3,5.963195327647647,Mape_[3].csv
1880,2023-09-02,Mape_M_3,6.512804618897998,Mape_[3].csv
1881,2023-07-15,Mape_M_3,8.034577036197726,Mape_[3].csv
1882,2023-07-20,Mape_M_3,5.244140997848362,Mape_[3].csv
1883,2023-07-22,Mape_M_3,9.484819528650927,Mape_[3].csv
1884,2023-07-27,Mape_M_3,5.474585668446848,Mape_[3].csv
1885,2023-07-29,Mape_M_3,6.15724596931966,Mape_[3].csv
1886,2023-08-04,Mape_M_3,5.1298403627621605,Mape_[3].csv
1887,2023-08-05,Mape_M_3,10.330963165887391,Mape_[3].csv
1888,2023-06-30,Mape_M_3,5.758683953668101,Mape_[3].csv
1889,2023-07-01,Mape_M_3,6.085988561663867,Mape_[3].csv
1890,2023-05-14,Mape_M_3,5.189597124810746,Mape_[3].csv
1891,2023-01-01,Mape_M_3,5.065360426745019,Mape_[3].csv
1892,2022-09-22,Mape_M_3,6.041694520933611,Mape_[3].csv
1893,2022-09-27,Mape_M_3,5.327715911600799,Mape_[3].csv
1894,2023-08-17,Mape_M_4,6.8006146646369965,Mape_[3].csv
1895,2023-08-26,Mape_M_4,7.204280435013531,Mape_[3].csv
1896,2023-08-27,Mape_M_4,5.693387483058354,Mape_[3].csv
1897,2023-09-02,Mape_M_4,6.281209134642775,Mape_[3].csv
1898,2023-07-15,Mape_M_4,8.569554952602848,Mape_[3].csv
1899,2023-07-20,Mape_M_4,6.00888797710477,Mape_[3].csv
1900,2023-07-22,Mape_M_4,6.7267502502996415,Mape_[3].csv
1901,2023-07-27,Mape_M_4,5.175030019922095,Mape_[3].csv
1902,2023-08-04,Mape_M_4,6.303959889739147,Mape_[3].csv
1903,2023-08-05,Mape_M_4,9.194027640545196,Mape_[3].csv
1904,2023-06-17,Mape_M_4,5.5979280419591735,Mape_[3].csv
1905,2023-06-23,Mape_M_4,6.366543232893898,Mape_[3].csv
1906,2023-06-24,Mape_M_4,5.633330000382867,Mape_[3].csv
1907,2023-06-29,Mape_M_4,6.033276034674238,Mape_[3].csv
1908,2022-09-22,Mape_M_4,5.776405069251068,Mape_[3].csv
1909,2022-09-25,Mape_M_4,5.657574026130959,Mape_[3].csv
1910,2022-09-27,Mape_M_4,6.247961101714833,Mape_[3].csv
2108,2023-08-20,Mape_M_1,7.977680767468115,Mape_[4].csv
2109,2023-08-26,Mape_M_1,5.144470709389756,Mape_[4].csv
2110,2023-08-27,Mape_M_1,8.402568066580901,Mape_[4].csv
2111,2023-08-30,Mape_M_1,6.504009347390756,Mape_[4].csv
2112,2023-08-31,Mape_M_1,5.857657862030291,Mape_[4].csv
2113,2023-09-02,Mape_M_1,8.629564762581044,Mape_[4].csv
2114,2023-09-03,Mape_M_1,5.681876382691494,Mape_[4].csv
2115,2023-07-15,Mape_M_1,7.328208609689105,Mape_[4].csv
2116,2023-07-17,Mape_M_1,7.29722549439795,Mape_[4].csv
2117,2023-07-18,Mape_M_1,7.731143446367687,Mape_[4].csv
2118,2023-07-19,Mape_M_1,8.427638287615585,Mape_[4].csv
2119,2023-07-20,Mape_M_1,6.630945440337453,Mape_[4].csv
2120,2023-07-22,Mape_M_1,7.35747022204713,Mape_[4].csv
2121,2023-07-24,Mape_M_1,12.542417410804276,Mape_[4].csv
2122,2023-07-25,Mape_M_1,6.583393292889454,Mape_[4].csv
2123,2023-08-03,Mape_M_1,6.437261454422173,Mape_[4].csv
2124,2023-08-05,Mape_M_1,6.608714739671064,Mape_[4].csv
2125,2023-06-25,Mape_M_1,5.173108489177956,Mape_[4].csv
2126,2023-07-06,Mape_M_1,5.717304024160373,Mape_[4].csv
2127,2023-05-16,Mape_M_1,5.60553593149725,Mape_[4].csv
2128,2023-05-01,Mape_M_1,8.257836725125767,Mape_[4].csv
2129,2023-01-01,Mape_M_1,5.295027474274563,Mape_[4].csv
2130,2022-11-21,Mape_M_1,6.048905612757962,Mape_[4].csv
2131,2022-10-15,Mape_M_1,5.657575948624074,Mape_[4].csv
2132,2022-10-23,Mape_M_1,5.968574883497038,Mape_[4].csv
2133,2023-08-18,Mape_M_2,5.147821549682789,Mape_[4].csv
2134,2023-08-19,Mape_M_2,5.4116404333109696,Mape_[4].csv
2135,2023-08-20,Mape_M_2,7.243648354675034,Mape_[4].csv
2136,2023-08-21,Mape_M_2,5.670775249594487,Mape_[4].csv
2137,2023-08-26,Mape_M_2,7.021332802077144,Mape_[4].csv
2138,2023-09-02,Mape_M_2,8.807198123786371,Mape_[4].csv
2139,2023-09-03,Mape_M_2,6.401401613510583,Mape_[4].csv
2140,2023-07-15,Mape_M_2,5.768703751227514,Mape_[4].csv
2141,2023-07-18,Mape_M_2,6.084905280513606,Mape_[4].csv
2142,2023-07-19,Mape_M_2,6.285381918363843,Mape_[4].csv
2143,2023-07-20,Mape_M_2,6.423620492515182,Mape_[4].csv
2144,2023-07-27,Mape_M_2,5.3166570673608575,Mape_[4].csv
2145,2023-08-04,Mape_M_2,5.002589256498989,Mape_[4].csv
2146,2023-08-05,Mape_M_2,6.9808555371025705,Mape_[4].csv
2147,2023-06-23,Mape_M_2,5.95494084050145,Mape_[4].csv
2148,2023-06-24,Mape_M_2,5.096144028517316,Mape_[4].csv
2149,2023-06-30,Mape_M_2,7.457367516097076,Mape_[4].csv
2150,2023-07-01,Mape_M_2,7.381010951672557,Mape_[4].csv
2151,2023-05-01,Mape_M_2,7.706135906459072,Mape_[4].csv
2152,2022-09-22,Mape_M_2,6.239979888549177,Mape_[4].csv
2153,2022-09-25,Mape_M_2,5.859702885722718,Mape_[4].csv
2154,2022-09-27,Mape_M_2,6.429967062466456,Mape_[4].csv
2155,2023-08-17,Mape_M_3,5.929023850010603,Mape_[4].csv
2156,2023-09-02,Mape_M_3,6.263891573247469,Mape_[4].csv
2157,2023-07-15,Mape_M_3,7.674504350145657,Mape_[4].csv
2158,2023-07-22,Mape_M_3,9.552724455225396,Mape_[4].csv
2159,2023-07-27,Mape_M_3,5.273010095674899,Mape_[4].csv
2160,2023-07-29,Mape_M_3,5.858453058230941,Mape_[4].csv
2161,2023-08-05,Mape_M_3,10.14547769546721,Mape_[4].csv
2162,2023-06-30,Mape_M_3,5.450651928299472,Mape_[4].csv
2163,2023-07-01,Mape_M_3,5.6037384714532745,Mape_[4].csv
2164,2023-05-14,Mape_M_3,5.193827349716531,Mape_[4].csv
2165,2023-01-01,Mape_M_3,5.121222547612607,Mape_[4].csv
2166,2022-09-22,Mape_M_3,5.827222295453187,Mape_[4].csv
2167,2022-09-27,Mape_M_3,5.220469628930827,Mape_[4].csv
2168,2023-08-17,Mape_M_4,6.532633692641452,Mape_[4].csv
2169,2023-08-26,Mape_M_4,7.226433936017354,Mape_[4].csv
2170,2023-08-27,Mape_M_4,5.698549028764585,Mape_[4].csv
2171,2023-08-28,Mape_M_4,5.123772077603216,Mape_[4].csv
2172,2023-09-02,Mape_M_4,5.876990652901872,Mape_[4].csv
2173,2023-07-15,Mape_M_4,8.460283434762218,Mape_[4].csv
2174,2023-07-20,Mape_M_4,6.050770691887272,Mape_[4].csv
2175,2023-07-22,Mape_M_4,6.888682391981391,Mape_[4].csv
2176,2023-07-27,Mape_M_4,5.182596162099831,Mape_[4].csv
2177,2023-08-04,Mape_M_4,6.263084943603774,Mape_[4].csv
2178,2023-08-05,Mape_M_4,9.179991102726175,Mape_[4].csv
2179,2023-06-17,Mape_M_4,5.558867277446553,Mape_[4].csv
2180,2023-06-23,Mape_M_4,6.108438669848268,Mape_[4].csv
2181,2023-06-24,Mape_M_4,6.045536145164856,Mape_[4].csv
2182,2023-06-29,Mape_M_4,6.217048149066967,Mape_[4].csv
2183,2022-09-22,Mape_M_4,5.598758149331312,Mape_[4].csv
2184,2022-09-25,Mape_M_4,5.430258270049868,Mape_[4].csv
2185,2022-09-27,Mape_M_4,6.141749357784313,Mape_[4].csv
2383,2023-08-20,Mape_M_1,7.913541997061779,Mape_[8].csv
2384,2023-08-25,Mape_M_1,5.280527398776872,Mape_[8].csv
2385,2023-08-26,Mape_M_1,5.114586446545779,Mape_[8].csv
2386,2023-08-27,Mape_M_1,6.52967989255593,Mape_[8].csv
2387,2023-08-30,Mape_M_1,5.434272034547302,Mape_[8].csv
2388,2023-08-31,Mape_M_1,5.133173789240612,Mape_[8].csv
2389,2023-09-02,Mape_M_1,8.014155119293308,Mape_[8].csv
2390,2023-07-15,Mape_M_1,7.063337956686532,Mape_[8].csv
2391,2023-07-17,Mape_M_1,6.571857368497529,Mape_[8].csv
2392,2023-07-18,Mape_M_1,6.71603750350569,Mape_[8].csv
2393,2023-07-19,Mape_M_1,7.37165612328435,Mape_[8].csv
2394,2023-07-20,Mape_M_1,5.9385560834638165,Mape_[8].csv
2395,2023-07-22,Mape_M_1,6.840931240177698,Mape_[8].csv
2396,2023-07-24,Mape_M_1,10.462911974506875,Mape_[8].csv
2397,2023-08-03,Mape_M_1,5.121098886756917,Mape_[8].csv
2398,2023-08-05,Mape_M_1,5.258243411604544,Mape_[8].csv
2399,2023-07-06,Mape_M_1,5.261115003589442,Mape_[8].csv
2400,2023-05-01,Mape_M_1,7.523960958217136,Mape_[8].csv
2401,2022-11-21,Mape_M_1,6.263118965308206,Mape_[8].csv
2402,2022-10-15,Mape_M_1,5.492458036014414,Mape_[8].csv
2403,2022-10-23,Mape_M_1,6.467965825081211,Mape_[8].csv
2404,2022-09-24,Mape_M_1,5.31782433812328,Mape_[8].csv
2405,2023-08-20,Mape_M_2,6.613079397944678,Mape_[8].csv
2406,2023-08-21,Mape_M_2,5.765722697659939,Mape_[8].csv
2407,2023-08-26,Mape_M_2,6.395547356737803,Mape_[8].csv
2408,2023-09-02,Mape_M_2,8.020032260695686,Mape_[8].csv
2409,2023-09-03,Mape_M_2,5.151586252981288,Mape_[8].csv
2410,2023-07-15,Mape_M_2,5.150146429802993,Mape_[8].csv
2411,2023-07-18,Mape_M_2,5.411095680255251,Mape_[8].csv
2412,2023-07-19,Mape_M_2,5.7730374990375735,Mape_[8].csv
2413,2023-07-20,Mape_M_2,6.060455200614267,Mape_[8].csv
2414,2023-08-04,Mape_M_2,5.001453803778428,Mape_[8].csv
2415,2023-08-05,Mape_M_2,6.209111769161204,Mape_[8].csv
2416,2023-06-23,Mape_M_2,5.454420340976821,Mape_[8].csv
2417,2023-06-30,Mape_M_2,7.483475384043691,Mape_[8].csv
2418,2023-07-01,Mape_M_2,7.856217182932109,Mape_[8].csv
2419,2023-05-01,Mape_M_2,7.229903726213315,Mape_[8].csv
2420,2022-11-21,Mape_M_2,5.12719588671462,Mape_[8].csv
2421,2022-09-22,Mape_M_2,5.378029986905001,Mape_[8].csv
2422,2022-09-27,Mape_M_2,6.249337270036817,Mape_[8].csv
2423,2023-09-02,Mape_M_3,5.984668564717203,Mape_[8].csv
2424,2023-07-15,Mape_M_3,8.012186398720237,Mape_[8].csv
2425,2023-07-22,Mape_M_3,10.537272287876252,Mape_[8].csv
2426,2023-07-29,Mape_M_3,5.443281006522096,Mape_[8].csv
2427,2023-08-05,Mape_M_3,8.914176783193277,Mape_[8].csv
2428,2023-06-30,Mape_M_3,5.169727151760903,Mape_[8].csv
2429,2022-09-22,Mape_M_3,5.167917747749029,Mape_[8].csv
2430,2023-08-17,Mape_M_4,7.0647580365495175,Mape_[8].csv
2431,2023-08-25,Mape_M_4,5.224426241057315,Mape_[8].csv
2432,2023-08-26,Mape_M_4,6.977120714429513,Mape_[8].csv
2433,2023-08-27,Mape_M_4,5.291990904574533,Mape_[8].csv
2434,2023-08-28,Mape_M_4,5.209412355653981,Mape_[8].csv
2435,2023-09-02,Mape_M_4,5.659191997871061,Mape_[8].csv
2436,2023-07-15,Mape_M_4,8.159982379993808,Mape_[8].csv
2437,2023-07-20,Mape_M_4,5.757827936485342,Mape_[8].csv
2438,2023-07-22,Mape_M_4,6.822688518473543,Mape_[8].csv
2439,2023-07-27,Mape_M_4,5.005103406621802,Mape_[8].csv
2440,2023-07-29,Mape_M_4,5.198318185061558,Mape_[8].csv
2441,2023-08-04,Mape_M_4,6.142199165722082,Mape_[8].csv
2442,2023-08-05,Mape_M_4,8.633681474529526,Mape_[8].csv
2443,2023-06-23,Mape_M_4,6.46703409238879,Mape_[8].csv
2444,2023-06-24,Mape_M_4,7.030395778669883,Mape_[8].csv
2445,2023-06-27,Mape_M_4,5.63671022004996,Mape_[8].csv
2446,2023-06-28,Mape_M_4,6.276259710454567,Mape_[8].csv
2447,2023-06-29,Mape_M_4,7.363441730598204,Mape_[8].csv
2448,2023-06-30,Mape_M_4,5.428530056963594,Mape_[8].csv
2449,2022-09-27,Mape_M_4,5.786303583539073,Mape_[8].csv
2647,2023-08-20,Mape_M_1,7.767429952414706,Mape_[10].csv
2648,2023-08-22,Mape_M_1,5.365988944394162,Mape_[10].csv
2649,2023-08-27,Mape_M_1,5.149865147570911,Mape_[10].csv
2650,2023-08-30,Mape_M_1,5.069151342748742,Mape_[10].csv
2651,2023-09-02,Mape_M_1,8.042447650238717,Mape_[10].csv
2652,2023-07-15,Mape_M_1,5.322289418730289,Mape_[10].csv
2653,2023-07-18,Mape_M_1,5.130681143374581,Mape_[10].csv
2654,2023-07-19,Mape_M_1,5.7623854708056,Mape_[10].csv
2655,2023-07-24,Mape_M_1,8.897427344682782,Mape_[10].csv
2656,2023-05-15,Mape_M_1,5.050225403002894,Mape_[10].csv
2657,2023-05-01,Mape_M_1,7.242877793073937,Mape_[10].csv
2658,2022-11-21,Mape_M_1,6.014951421724163,Mape_[10].csv
2659,2022-10-15,Mape_M_1,5.120797467982211,Mape_[10].csv
2660,2022-10-23,Mape_M_1,6.070064518542917,Mape_[10].csv
2661,2022-09-24,Mape_M_1,5.680798631248432,Mape_[10].csv
2662,2023-08-20,Mape_M_2,6.019625613151217,Mape_[10].csv
2663,2023-08-21,Mape_M_2,5.896524084947998,Mape_[10].csv
2664,2023-08-26,Mape_M_2,6.026601559152791,Mape_[10].csv
2665,2023-09-02,Mape_M_2,7.816005809689669,Mape_[10].csv
2666,2023-07-19,Mape_M_2,5.134896461450071,Mape_[10].csv
2667,2023-07-20,Mape_M_2,5.352232360748368,Mape_[10].csv
2668,2023-08-04,Mape_M_2,5.199033135474164,Mape_[10].csv
2669,2023-08-05,Mape_M_2,5.576693814256887,Mape_[10].csv
2670,2023-06-23,Mape_M_2,5.191481696376369,Mape_[10].csv
2671,2023-06-30,Mape_M_2,7.245449368962996,Mape_[10].csv
2672,2023-07-01,Mape_M_2,7.470233791553385,Mape_[10].csv
2673,2023-05-01,Mape_M_2,6.946297318417272,Mape_[10].csv
2674,2022-11-21,Mape_M_2,5.08897782523711,Mape_[10].csv
2675,2022-09-22,Mape_M_2,5.008489816566949,Mape_[10].csv
2676,2022-09-24,Mape_M_2,5.2496202644168415,Mape_[10].csv
2677,2022-09-25,Mape_M_2,5.038390047083383,Mape_[10].csv
2678,2022-09-27,Mape_M_2,5.894701717875689,Mape_[10].csv
2679,2023-09-02,Mape_M_3,5.968018812554967,Mape_[10].csv
2680,2023-07-15,Mape_M_3,7.527878364770981,Mape_[10].csv
2681,2023-07-22,Mape_M_3,10.032955722325266,Mape_[10].csv
2682,2023-07-29,Mape_M_3,5.079925880491559,Mape_[10].csv
2683,2023-08-05,Mape_M_3,7.095576476537231,Mape_[10].csv
2684,2023-06-24,Mape_M_3,5.395302968322965,Mape_[10].csv
2685,2023-08-16,Mape_M_4,5.031324705733297,Mape_[10].csv
2686,2023-08-17,Mape_M_4,6.917405534388156,Mape_[10].csv
2687,2023-08-25,Mape_M_4,5.4466448651982695,Mape_[10].csv
2688,2023-08-26,Mape_M_4,7.023520805659095,Mape_[10].csv
2689,2023-08-27,Mape_M_4,5.243034027226923,Mape_[10].csv
2690,2023-09-02,Mape_M_4,5.278345053929004,Mape_[10].csv
2691,2023-07-15,Mape_M_4,7.840594958062742,Mape_[10].csv
2692,2023-07-20,Mape_M_4,5.837099173094174,Mape_[10].csv
2693,2023-07-22,Mape_M_4,6.79621652221886,Mape_[10].csv
2694,2023-07-27,Mape_M_4,5.068947294490556,Mape_[10].csv
2695,2023-07-29,Mape_M_4,5.338279728617859,Mape_[10].csv
2696,2023-08-04,Mape_M_4,6.123163960971127,Mape_[10].csv
2697,2023-08-05,Mape_M_4,8.038909457712903,Mape_[10].csv
2698,2023-06-23,Mape_M_4,5.940213397167683,Mape_[10].csv
2699,2023-06-24,Mape_M_4,6.347627513966264,Mape_[10].csv
2700,2023-06-27,Mape_M_4,5.719109212036525,Mape_[10].csv
2701,2023-06-28,Mape_M_4,6.941645854547045,Mape_[10].csv
2702,2023-06-29,Mape_M_4,7.412330235502209,Mape_[10].csv
2703,2023-06-30,Mape_M_4,5.183471732058261,Mape_[10].csv
2704,2022-09-27,Mape_M_4,5.420910954604688,Mape_[10].csv
2902,2023-08-20,Mape_M_1,7.709543937304768,Mape_[11].csv
2903,2023-09-02,Mape_M_1,7.823973293907187,Mape_[11].csv
2904,2023-07-24,Mape_M_1,8.64925382197736,Mape_[11].csv
2905,2023-05-01,Mape_M_1,7.284115619574015,Mape_[11].csv
2906,2022-11-21,Mape_M_1,6.044614151503794,Mape_[11].csv
2907,2022-10-23,Mape_M_1,6.207321523097279,Mape_[11].csv
2908,2022-09-24,Mape_M_1,5.570668597512023,Mape_[11].csv
2909,2023-08-20,Mape_M_2,5.765935574336243,Mape_[11].csv
2910,2023-08-21,Mape_M_2,5.815086658045494,Mape_[11].csv
2911,2023-08-26,Mape_M_2,5.695348607726855,Mape_[11].csv
2912,2023-09-02,Mape_M_2,7.447509840655586,Mape_[11].csv
2913,2023-08-04,Mape_M_2,5.1344184723889965,Mape_[11].csv
2914,2023-08-05,Mape_M_2,5.281016690966489,Mape_[11].csv
2915,2023-06-30,Mape_M_2,6.511097903186232,Mape_[11].csv
2916,2023-07-01,Mape_M_2,6.248233852806423,Mape_[11].csv
2917,2023-05-01,Mape_M_2,6.979607032970257,Mape_[11].csv
2918,2022-11-21,Mape_M_2,5.089883501486091,Mape_[11].csv
2919,2022-09-24,Mape_M_2,5.085298232672153,Mape_[11].csv
2920,2022-09-25,Mape_M_2,5.16566260815586,Mape_[11].csv
2921,2022-09-27,Mape_M_2,5.65539396718417,Mape_[11].csv
2922,2023-09-02,Mape_M_3,5.73847055550003,Mape_[11].csv
2923,2023-07-15,Mape_M_3,7.442175631439958,Mape_[11].csv
2924,2023-07-22,Mape_M_3,10.0373534718121,Mape_[11].csv
2925,2023-07-29,Mape_M_3,5.005385965094573,Mape_[11].csv
2926,2023-08-05,Mape_M_3,6.203396120357645,Mape_[11].csv
2927,2023-08-17,Mape_M_4,6.1439896680123045,Mape_[11].csv
2928,2023-08-25,Mape_M_4,5.2561776303874455,Mape_[11].csv
2929,2023-08-26,Mape_M_4,6.583804599608461,Mape_[11].csv
2930,2023-07-15,Mape_M_4,7.565391498738975,Mape_[11].csv
2931,2023-07-20,Mape_M_4,5.409992753507193,Mape_[11].csv
2932,2023-07-22,Mape_M_4,6.71413917763436,Mape_[11].csv
2933,2023-07-29,Mape_M_4,5.207328820887325,Mape_[11].csv
2934,2023-08-04,Mape_M_4,5.995707559012704,Mape_[11].csv
2935,2023-08-05,Mape_M_4,7.574645091831893,Mape_[11].csv
2936,2023-06-23,Mape_M_4,5.754439403817266,Mape_[11].csv
2937,2023-06-24,Mape_M_4,5.931912843962554,Mape_[11].csv
2938,2023-06-27,Mape_M_4,5.858516411362396,Mape_[11].csv
2939,2023-06-28,Mape_M_4,7.054749863819374,Mape_[11].csv
2940,2023-06-29,Mape_M_4,7.253906408095669,Mape_[11].csv
2941,2023-06-30,Mape_M_4,5.1157668529739,Mape_[11].csv
2942,2022-09-27,Mape_M_4,5.5034950793806345,Mape_[11].csv
3140,2023-08-19,Mape_M_1,5.160856045197295,Mape_[9].csv
3141,2023-08-20,Mape_M_1,7.93968149641544,Mape_[9].csv
3142,2023-08-30,Mape_M_1,5.501578846250972,Mape_[9].csv
3143,2023-08-31,Mape_M_1,5.058423075471455,Mape_[9].csv
3144,2023-09-02,Mape_M_1,7.507786211482831,Mape_[9].csv
3145,2023-07-15,Mape_M_1,5.961598112186747,Mape_[9].csv
3146,2023-07-17,Mape_M_1,5.411998462823547,Mape_[9].csv
3147,2023-07-18,Mape_M_1,6.0406829659653685,Mape_[9].csv
3148,2023-07-19,Mape_M_1,6.5788757602234185,Mape_[9].csv
3149,2023-07-20,Mape_M_1,5.358290724580787,Mape_[9].csv
3150,2023-07-22,Mape_M_1,5.431675703807728,Mape_[9].csv
3151,2023-07-24,Mape_M_1,9.53493337690269,Mape_[9].csv
3152,2023-07-06,Mape_M_1,5.348955996570536,Mape_[9].csv
3153,2023-05-15,Mape_M_1,5.270021232203766,Mape_[9].csv
3154,2023-05-01,Mape_M_1,7.438785924499959,Mape_[9].csv
3155,2022-11-21,Mape_M_1,5.822265025807528,Mape_[9].csv
3156,2022-10-15,Mape_M_1,5.308399806754887,Mape_[9].csv
3157,2022-10-23,Mape_M_1,6.08145607009774,Mape_[9].csv
3158,2022-09-24,Mape_M_1,5.541296934407122,Mape_[9].csv
3159,2023-08-20,Mape_M_2,6.328970798121396,Mape_[9].csv
3160,2023-08-21,Mape_M_2,5.872989045920743,Mape_[9].csv
3161,2023-08-26,Mape_M_2,6.220770288510264,Mape_[9].csv
3162,2023-09-02,Mape_M_2,7.966352722082568,Mape_[9].csv
3163,2023-09-03,Mape_M_2,5.127673571473381,Mape_[9].csv
3164,2023-07-18,Mape_M_2,5.16496191921211,Mape_[9].csv
3165,2023-07-19,Mape_M_2,5.52746444539616,Mape_[9].csv
3166,2023-07-20,Mape_M_2,5.795715196907468,Mape_[9].csv
3167,2023-08-04,Mape_M_2,5.091437833209104,Mape_[9].csv
3168,2023-08-05,Mape_M_2,5.949073720433851,Mape_[9].csv
3169,2023-06-23,Mape_M_2,5.644268491493004,Mape_[9].csv
3170,2023-06-30,Mape_M_2,7.814611473173698,Mape_[9].csv
3171,2023-07-01,Mape_M_2,8.193364040464338,Mape_[9].csv
3172,2023-05-01,Mape_M_2,7.111200291995718,Mape_[9].csv
3173,2022-11-21,Mape_M_2,5.065199991258621,Mape_[9].csv
3174,2022-09-22,Mape_M_2,5.192055582060295,Mape_[9].csv
3175,2022-09-24,Mape_M_2,5.00121739384517,Mape_[9].csv
3176,2022-09-27,Mape_M_2,6.124420762161668,Mape_[9].csv
3177,2023-09-02,Mape_M_3,5.98852217292128,Mape_[9].csv
3178,2023-07-15,Mape_M_3,7.719674425263923,Mape_[9].csv
3179,2023-07-22,Mape_M_3,10.140244592919512,Mape_[9].csv
3180,2023-07-29,Mape_M_3,5.135513955088102,Mape_[9].csv
3181,2023-08-05,Mape_M_3,8.018677174227983,Mape_[9].csv
3182,2023-06-24,Mape_M_3,5.273832079588274,Mape_[9].csv
3183,2023-06-30,Mape_M_3,5.360755557373875,Mape_[9].csv
3184,2023-08-16,Mape_M_4,5.157929909240604,Mape_[9].csv
3185,2023-08-17,Mape_M_4,7.212646349241194,Mape_[9].csv
3186,2023-08-25,Mape_M_4,5.395898568470972,Mape_[9].csv
3187,2023-08-26,Mape_M_4,7.30586908676366,Mape_[9].csv
3188,2023-08-27,Mape_M_4,5.452308914009048,Mape_[9].csv
3189,2023-08-28,Mape_M_4,5.181686027136826,Mape_[9].csv
3190,2023-09-02,Mape_M_4,5.305211793152309,Mape_[9].csv
3191,2023-07-15,Mape_M_4,8.085487310167562,Mape_[9].csv
3192,2023-07-20,Mape_M_4,6.046331875253121,Mape_[9].csv
3193,2023-07-22,Mape_M_4,6.785100583247443,Mape_[9].csv
3194,2023-07-27,Mape_M_4,5.231343665460184,Mape_[9].csv
3195,2023-07-29,Mape_M_4,5.309907624933772,Mape_[9].csv
3196,2023-08-04,Mape_M_4,6.322632401621796,Mape_[9].csv
3197,2023-08-05,Mape_M_4,8.514594443001489,Mape_[9].csv
3198,2023-06-23,Mape_M_4,6.216129177763304,Mape_[9].csv
3199,2023-06-24,Mape_M_4,6.649571280480722,Mape_[9].csv
3200,2023-06-27,Mape_M_4,5.645442434762096,Mape_[9].csv
3201,2023-06-28,Mape_M_4,6.716453509151214,Mape_[9].csv
3202,2023-06-29,Mape_M_4,7.492731851064445,Mape_[9].csv
3203,2023-06-30,Mape_M_4,5.30661464745291,Mape_[9].csv
3204,2022-09-27,Mape_M_4,5.48850887470963,Mape_[9].csv
3402,2023-08-20,Mape_M_1,7.817081110098842,Mape_[5].csv
3403,2023-08-22,Mape_M_1,5.0493652917448655,Mape_[5].csv
3404,2023-08-27,Mape_M_1,8.070608981556544,Mape_[5].csv
3405,2023-08-30,Mape_M_1,6.579493872097261,Mape_[5].csv
3406,2023-08-31,Mape_M_1,6.2574060373737375,Mape_[5].csv
3407,2023-09-02,Mape_M_1,8.213840845967653,Mape_[5].csv
3408,2023-07-15,Mape_M_1,6.8640108577969885,Mape_[5].csv
3409,2023-07-17,Mape_M_1,7.002781135795316,Mape_[5].csv
3410,2023-07-18,Mape_M_1,7.259363240802387,Mape_[5].csv
3411,2023-07-19,Mape_M_1,7.739549685770354,Mape_[5].csv
3412,2023-07-20,Mape_M_1,6.268040324350799,Mape_[5].csv
3413,2023-07-22,Mape_M_1,6.959943434983014,Mape_[5].csv
3414,2023-07-24,Mape_M_1,11.54210706322842,Mape_[5].csv
3415,2023-07-25,Mape_M_1,5.57935284609388,Mape_[5].csv
3416,2023-08-03,Mape_M_1,5.916322573579371,Mape_[5].csv
3417,2023-08-05,Mape_M_1,5.9194508618761725,Mape_[5].csv
3418,2023-07-06,Mape_M_1,5.564244864201565,Mape_[5].csv
3419,2023-05-16,Mape_M_1,5.132041794568528,Mape_[5].csv
3420,2023-05-01,Mape_M_1,7.953158706345277,Mape_[5].csv
3421,2022-11-21,Mape_M_1,6.44055166448341,Mape_[5].csv
3422,2022-10-15,Mape_M_1,5.56424614522404,Mape_[5].csv
3423,2022-10-23,Mape_M_1,5.8020974739034425,Mape_[5].csv
3424,2023-08-18,Mape_M_2,5.0334469809925375,Mape_[5].csv
3425,2023-08-19,Mape_M_2,5.22594415377951,Mape_[5].csv
3426,2023-08-20,Mape_M_2,7.004251438656676,Mape_[5].csv
3427,2023-08-21,Mape_M_2,5.693451320127874,Mape_[5].csv
3428,2023-08-26,Mape_M_2,6.971449568841591,Mape_[5].csv
3429,2023-09-02,Mape_M_2,8.43469454583058,Mape_[5].csv
3430,2023-09-03,Mape_M_2,5.97117898028498,Mape_[5].csv
3431,2023-07-15,Mape_M_2,5.6152970327964296,Mape_[5].csv
3432,2023-07-18,Mape_M_2,5.942990439273469,Mape_[5].csv
3433,2023-07-19,Mape_M_2,6.181176792243848,Mape_[5].csv
3434,2023-07-20,Mape_M_2,6.360288334000379,Mape_[5].csv
3435,2023-07-27,Mape_M_2,5.166000391347079,Mape_[5].csv
3436,2023-08-04,Mape_M_2,5.043508719961784,Mape_[5].csv
3437,2023-08-05,Mape_M_2,6.827775911033799,Mape_[5].csv
3438,2023-06-23,Mape_M_2,5.698171295180516,Mape_[5].csv
3439,2023-06-30,Mape_M_2,7.367376183799733,Mape_[5].csv
3440,2023-07-01,Mape_M_2,7.139387589076023,Mape_[5].csv
3441,2023-05-01,Mape_M_2,7.4489228784632,Mape_[5].csv
3442,2022-09-22,Mape_M_2,6.111299388259476,Mape_[5].csv
3443,2022-09-25,Mape_M_2,5.581112804204456,Mape_[5].csv
3444,2022-09-27,Mape_M_2,6.42265132110852,Mape_[5].csv
3445,2023-08-17,Mape_M_3,5.7797677453024034,Mape_[5].csv
3446,2023-09-02,Mape_M_3,5.964776053637886,Mape_[5].csv
3447,2023-07-15,Mape_M_3,7.432616296577045,Mape_[5].csv
3448,2023-07-22,Mape_M_3,9.599677457064676,Mape_[5].csv
3449,2023-07-27,Mape_M_3,5.039427809235938,Mape_[5].csv
3450,2023-07-29,Mape_M_3,6.226458519492359,Mape_[5].csv
3451,2023-08-05,Mape_M_3,10.033281197513784,Mape_[5].csv
3452,2023-06-30,Mape_M_3,5.003458401100945,Mape_[5].csv
3453,2022-09-22,Mape_M_3,5.691971205412711,Mape_[5].csv
3454,2022-09-27,Mape_M_3,5.045286031263343,Mape_[5].csv
3455,2023-08-17,Mape_M_4,6.376590989787223,Mape_[5].csv
3456,2023-08-26,Mape_M_4,6.977103519277697,Mape_[5].csv
3457,2023-08-27,Mape_M_4,5.486183853321756,Mape_[5].csv
3458,2023-08-28,Mape_M_4,5.226849510247074,Mape_[5].csv
3459,2023-09-02,Mape_M_4,5.4939997765587005,Mape_[5].csv
3460,2023-07-15,Mape_M_4,8.392521117420644,Mape_[5].csv
3461,2023-07-20,Mape_M_4,6.045971863658097,Mape_[5].csv
3462,2023-07-22,Mape_M_4,7.001557083654625,Mape_[5].csv
3463,2023-07-27,Mape_M_4,5.161375949094187,Mape_[5].csv
3464,2023-08-04,Mape_M_4,6.248387316666024,Mape_[5].csv
3465,2023-08-05,Mape_M_4,9.113344217979298,Mape_[5].csv
3466,2023-06-17,Mape_M_4,5.307472501168001,Mape_[5].csv
3467,2023-06-23,Mape_M_4,5.993300977214977,Mape_[5].csv
3468,2023-06-24,Mape_M_4,6.697909789549319,Mape_[5].csv
3469,2023-06-28,Mape_M_4,5.098824913160653,Mape_[5].csv
3470,2023-06-29,Mape_M_4,6.443678809242785,Mape_[5].csv
3471,2022-09-22,Mape_M_4,5.491292407251872,Mape_[5].csv
3472,2022-09-25,Mape_M_4,5.137781997502247,Mape_[5].csv
3473,2022-09-27,Mape_M_4,6.073713540932818,Mape_[5].csv
